IATA,PORT_CODE_ID,Airport,LOCATION_ID,Location,DF_Market
TSF,963,Treviso Airport,733,Treviso,Italy
SWA,1267,Jieyang Chaoshan Airport,2887,Jieyang Chaoshan,China
CAY,167,Cayenne - Felix Eboue Airport,3685,Cayenne,French Guyana
MMK,1596,Murmansk Airport,3035,Murmansk,Russia
DPS,262,Ngurah Rai Intl Airport,500,Ngurah Rai,Indonesia
BGY,102,Il Caravaggio Intl Airport,91,Bergamo,Italy
HAU,376,"Haugesund Airport, Karmoy",2824,Haugesund,Norway
BIO,109,Bilbao Airport,98,Bilbao,Spain
HYD,409,Rajiv Gandhi Intl Airport,296,Hyderabad,India
SXM,903,Princess Juliana Intl Airport,573,St. Maarten Princess Juliana,Saint Marteen (FR)
DIY,1146,Diyarbakir Airport,4167,Diyarbakir Airport,Turkey
COR,213,Ingeniero Aeronautico Ambrosio L.V. Taravella Intl Airport (Pajas Blancas),176,Cordoba,Argentina
PLQ,736,Palanga Intl Airport,3167,Palanga,Lithuania
OVD,706,Asturias Airport (Oviedo Airport),2742,Asturias,Spain
FUE,332,Fuerteventura Airport,235,Fuerteventura,Spain
KUN,497,Kaunas Intl Airport,3166,Kaunas,Lithuania
JMK,452,Mykonos Island National Airport,479,Mykonos,Greece
IKT,1534,Intl Airport Irkutsk,304,Irkutsk,Russia
GCM,1580,Owen Roberts Intl Airport,253,George Town,Cayman Island
CXR,1526,Cam Ranh Intl Airport,2924,Cam Ranh,Vietnam
VDA,993,Ovda Intl Airport,538,Ovda Eilat,Israel
EDI,278,Edinburgh Airport,211,Edinburgh,Great Britain
SJW,1264,Shijiazhuang Zhengding Intl Airport,4374,Hebei,China
DZA,274,Dzaoudzi-Pamandzi Intl Airport,542,Pamandzi,Mayotte
RIX,797,Riga Intl Airport,599,Riga,Latvia
POZ,751,Poznan-Lawica Airport,569,Poznan-Lawica,Poland
RZE,1137,Rzeszow-Jasionka Airport,3052,Rzeszow,Poland
IOA,1293,Ioannina National Airport,4325,Ioannina,Greece
HAK,1063,Haikou Meilan Intl Airport,274,Haikou Meilan,China
MAD,570,Madrid-Barajas Airport,421,Madrid Barajas,Spain DP
BOJ,132,Burgas Airport,110,Bourgas,Bulgaria
BNE,127,Brisbane Airport,120,Brisbane,Australia
XRY,1022,Jerez Airport (La Parra Airport),314,Jerez De La Frontera,Spain
PMI,739,Palma de Mallorca Airport (Son Sant Joan Airport),540,Palma De Mallorca,Spain
LPL,551,Liverpool John Lennon Airport,401,Liverpool,Great Britain
JSI,458,Skiathos Island National Airport,674,Skiathos,Greece
ULN,1614,Chinggis Khaan Intl Airport,745,Ulaanbaatar,Mongolia
PRG,753,Vaclav Havel Airport Prague,570,Prague,Czech Republic
TLV,937,Ben Gurion Intl Airport,90,Tel-Aviv,Israel
CAI,164,Cairo Intl Airport,4448,Sphinx,Egypt
PTY,761,Tocumen Intl Airport,723,Panama Tocumen,Panama
LDE,515,Tarbes-Lourdes-Pyrenees Airport,705,Tarbes - Lourdes,France DP
YYC,1040,Calgary Intl Airport,2973,Calgary,Canada
SVG,896,"Stavanger Airport, Sola",686,Stavanger,Norway
DYU,1575,Dushanbe Intl Airport,208,Dushanbe,Tajikistan
LAS,504,McCarran Intl Airport,4419,Las Vegas,United States
HKG,387,Hong Kong Intl Airport (Chek Lap Kok Airport),293,Hong Kong,Hong Kong
FUE,332,Fuerteventura Airport,236,Fuerteventura,Canary Islands
PEK,719,Beijing Capital Intl Airport,4288,Beijing Daxing,China
KRK,486,John Paul II Intl Airport Krakow-Balice,357,Krakow Balice,Poland
CKY,195,Conakry Intl Airport (Gbessia Intl Airport),3076,Conakry,Guinea DF
SKB,6512,Robert L. Bradshaw Intl Airport,3636,Basseterre (Saint Kitts),Caribbean Other
HAM,374,Hamburg Airport,277,Hamburg,Germany
LAP,503,Manuel Marquez de Leon Intl Airport,392,La Paz Manuel Marquez de Leon,Mexico
CAI,164,Cairo Intl Airport,131,Cairo,Egypt
IBZ,413,Ibiza Airport,298,Ibiza,Spain
TXN,1271,Tunxi,3578,Huangshan Tunxi,China
MLE,614,Male Intl Airport,431,Male,Maldives
NRK,670,Norrkoping Airport,510,Norrkoping,Sweden
MVD,645,Carrasco Gral. Cesareo L. Berisso Intl Airport,140,Montevideo,Uruguay
ADL,22,Adelaide Airport,12,Adelaide,Australia
GNB,349,Grenoble-Isere Airport,263,Grenoble,France
MDG,1248,Mudanjiang Airport,2888,Mudanjiang Hailang,China
TAO,916,Qingdao Liuting Intl Airport,587,Qingdao Liuting,China
ABJ,8,Port Bouet Airport,5,Abidjan,Ivory Coast
TSE,961,Astana Airport,2690,Astana,Kazakhstan
VVI,1557,Viru Viru Intl Airport,631,Santa Cruz Viru Viru,Bolivia
YYT,1617,St. John's Intl Airport,3046,St Johns,Canada
TIV,931,Tivat Airport,721,Tivat,Montenegro
KUF,495,Kurumoch Intl Airport,2753,Samara,Russia
SJW,1264,Shijiazhuang Zhengding Intl Airport,666,Shijiazhuang Zhengding,China
ACC,15,Kotoka Intl Airport,9,Accra,Ghana
DLM,257,Dalaman Airport,186,Dalaman Airport,Turkey
LAD,1592,Quatro de Fevereiro Airport,406,Luanda,Angola
ORY,697,Orly Intl Airport,524,Paris Orly,France
KTW,493,Katowice Intl Airport,336,Katowice,Poland
LNZ,548,Linz Airport (Blue Danube Airport),399,Linz,Austria
SXF,902,Berlin Schonefeld Airport,95,Berlin Schoenefeld,Germany
PFO,723,Paphos Intl Airport,544,Paphos,Cyprus
USH,1100,Ushuaia - Malvinas Argentinas Intl Airport,748,Ushuaia,Argentina
HPH,1077,Cat Bi Intl Airport,3534,Haiphong,Vietnam
KMJ,1589,Kumamoto Airport,364,Kumamoto,Japan
MHQ,600,Mariehamn Airport,441,Mariehamn,Finland
CTU,226,Chengdu Shuangliu Intl Airport,155,Chengdu Shuangliu,China
PVG,769,Shanghai Pudong Intl Airport,654,Shanghai Pudong,China
SHA,849,Shanghai Hongqiao Intl Airport,653,Shanghai Hongqiao,China
CGK,179,Soekarno-Hatta Intl Airport,677,Soekarno Hatta,Indonesia
SXM,903,Princess Juliana Intl Airport,3960,St. Maarten Princess Juliana,Saint Marteen (NL)
SZX,910,Shenzhen Bao'an Intl Airport,4351,Yingsheng,China
RUH,814,King Khalid Intl Airport,4022,RIYADH,Saudi Arabia
TNR,944,Ivato Airport,42,Antananarivo,Madagascar
BAQ,78,Ernesto Cortissoz Intl Airport,75,Barranquilla,Colombia
SDR,837,Santander - Parayas Airport,2745,Santander,Spain
HRB,398,Harbin Taiping Intl Airport,282,Harbin Taiping,China
BRC,1571,San Carlos de Bariloche Airport,74,Bariloche,Argentina
MRV,1597,Mineralnye Vody Airport,457,Min Vody,Russia
SDJ,1608,Sendai Airport,646,Sendai,Japan
IST,432,Istanbul Airport,3635,Istanbul Airport,Turkey
VBY,990,Visby Airport,760,Visby,Sweden
RBA,780,Sale Airport,590,Rabat,Morocco
CPH,215,"Copenhagen Airport, Kastrup",175,Copenhagen,Denmark
ICN,414,Incheon Intl Airport,300,Incheon,South Korea
GUW,3808,Atyrau Airport,3675,Atyrau,Kazakhstan
PBM,1603,Johan Adolf Pengel Intl Airport,545,Paramaribo,Suriname
BEY,92,Beirut-Rafic Hariri Intl Airport / Beirut Air Base,592,Beirut - Rafik Hariri,Lebanon
HEL,381,Helsinki Airport (Helsinki-Vantaa Airport),287,Helsinki-Vantaa,Finland
YHZ,1025,Halifax Stanfield Intl Airport,2975,Halifax,Canada
SID,853,Amilcar Cabral Intl Airport,2972,Espargos,Cape Verde
BVC,1197,Aristides Pereira (Rabil) Intl Airport,2971,Rabil,Cape Verde
OVB,705,Novosibirsk Tolmachevo Airport,512,Novosibirsk,Russia
HRE,399,Harare Intl Airport,792,Harare,Zimbabwe
DUB,269,Dublin Airport,202,Dublin,Ireland
TAS,1610,Tashkent Intl Airport,707,Tashkent,Uzbekistan
BEW,91,Beira Airport,4028,Beira,Mozambique
LXS,141,Lemnos Intl Airport,398,LIMNOS,Greece
TIA,929,Tirana Intl Airport Nene Tereza,718,Tirana,Albania
ZAG,1044,Zagreb Airport (Pleso Airport),785,Zagreb,Croatia
ARN,58,Stockholm Arlanda Airport,50,Stockholm Arlanda,Sweden
YUL,1035,Montreal-Pierre Elliott Trudeau Intl Airport,2976,Montreal,Canada
TSN,964,Tianjin Binhai Intl Airport,717,Tianjin Binhai,China
MAN,573,Manchester Airport,437,Manchester,Great Britain
RAI,776,Praia Intl Airport,138,Praia,Cape Verde
SOU,878,Southampton Airport,679,Southampton,Great Britain
INC,1292,Yinchuan Hedong Intl Airport,2892,Yinchuan Hedong,China
LIN,537,Linate Airport,4027,Milan - Linate,Italy
ORB,692,orebro Airport,3438,Orebro,Sweden
FOC,1217,Fuzhou Changle Intl Airport,241,Fuzhou Changle,China
KJA,1239,Yemelyanovo Intl Airport,2867,Krasnoyarsk,Russia
PIK,731,Glasgow Prestwick Intl Airport,3613,Glasgow Prestwick,Great Britain
KHV,473,Khabarovsk Novy Airport,343,Khabarovsk,Russia
CGN,180,Cologne Bonn Airport,170,Cologne,Germany
YEG,1024,Edmonton Intl Airport,2974,Edmonton,Canada
LGW,531,Gatwick Airport,245,London Gatwick,Great Britain
CTA,222,Catania-Fontanarossa Airport,143,Catania,Italy
CWB,233,Afonso Pena Intl Airport,2940,Curitiba,Brazil
BER,1569,Berlin Brandenburg Airport,3899,Berlin Brandenburg,Germany
CZX,1207,Changzhou Benniu Airport,3075,Changzhou Benniu,China
HSG,1532,Saga Airport,2761,Saga,Japan
LBU,509,Labuan Airport,764,W. P. Labuan,Malaysia
CSX,1206,Changsha Huanghua Intl Airport,148,Changsha Huanghua,China
BRS,143,Bristol Airport,122,Bristol,Great Britain
YLW,1027,Kelowna Intl Airport,3015,Kelowna,Canada
AMD,46,Sardar Vallabhbhai Patel Intl Airport,642,Sardar Vallabh Bhai Patel,India
GYE,370,Jose Joaquin de Olmedo Intl Airport,268,Guayaquil,Ecuador
YVR,1037,Vancouver Intl Airport,2981,Vancouver,Canada
SAW,1049,Sabiha Gokcen Intl Airport,306,Istanbul Asia Airport,Turkey
CHQ,186,"Chania Intl Airport (""Ioannis Daskalogiannis"")",149,Chania,Greece
HUX,407,Bahias de Huatulco Intl Airport,3562,Huatulco,Mexico
VOZ,1556,Voronezh Intl Airport,2965,Voronezh,Russia
SJU,861,Luis Munoz Marin Intl Airport,4410,San Juan,Puerto Rico
BCN,81,Barcelona-El Prat Airport,72,Barcelona,Spain DP
ADB,20,Adnan Menderes Airport,311,Izmir Airport,Turkey
TNA,941,Jinan Yaoqiang Intl Airport,318,Jinan Xiaoqiang,China
FAE,1576,Vagar Airport,224,Faroe Islands,Denmark
SVX,899,Koltsovo Intl Airport,213,Ekaterinburg,Russia
ALC,40,Alicante-Elche Airport,28,Alicante,Spain
UVF,986,Hewanorra Intl Airport,3692,Saint Lucia,Caribbean Other
TMP,939,Tampere-Pirkkala Airport,702,Tampere-Pirkkala,Finland
AAR,5,Aarhus Airport,720,Tirstrup,Denmark
TOY,1612,Toyama Airport,730,Toyama,Japan
KMI,1588,Miyazaki Airport,461,Miyazaki,Japan
CFU,176,Corfu Intl Airport (Ioannis Kapodistrias Intl Airport),177,Corfu,Greece
ODS,679,Odessa Intl Airport,518,Odessa,Ukraine
LCG,513,A Coruna Airport,2740,A Coruna,Spain
SPU,883,Split Airport,680,Split,Croatia
FKB,1135,Karlsruhe/Baden-Baden Airport,2817,Karlsruhe Baden-Baden,Germany
PEE,5999,Bolshoye Savino Airport,3448,Perm,Russia
YGJ,1558,Miho-Yonago Airport,783,Yonago,Japan
SAP,819,La Mesa Intl Airport,626,San Pedro Sula,Honduras
MGA,598,Augusto C. Sandino Intl Airport,435,Managua,Nicaragua
ZNZ,1051,Zanzibar Airport (Kisauni Airport),2818,Zanzibar,Tanzania
DEL,246,Indira Gandhi Intl Airport,301,Indira Gandhi,India
BFS,95,Belfast Intl Airport,85,Belfast,Great Britain
KGD,1536,Khrabrovo Airport,327,Hrabrovo,Kaliningrad
DLA,254,Douala Intl Airport,134,Cameroon,Cameroon
GIG,345,Rio de Janeiro-Galeao Intl Airport,604,Rio de Janeiro,Brazil
SEA,839,Seattle-Tacoma Intl Airport,4416,Seattle,United States
LCY,514,London City Airport,403,London City,Great Britain
JER,445,Jersey Airport,316,Jersey,Great Britain
SJC,856,San Jose Intl Airport,4423,San Jose,United States
FNC,321,Madeira Airport,4334,Madeira,Portugal
NDR,661,Arwi Airport,3101,Nador,Morocco
FIH,311,N'djili Airport (Kinshasa Intl Airport),348,Kinshasa,"Congo, Rep. Dem."
BKO,120,Bamako-Senou Intl Airport,432,Bamako,Mali
TBS,919,Tbilisi Intl Airport,708,Tbilisi,Georgia
FEZ,310,Fes-Saïss Airport,225,Fes,Morocco
GND,350,Maurice Bishop Intl Airport,683,St. George's Point Saline,Grenada
VGO,998,Vigo-Peinador Airport,4379,Vigo,Spain DP
JUB,4371,Juba Intl Airport,3573,Juba (inactive),Sudan
KWE,1241,Guiyang Longdongbao Intl Airport,271,Guiyang Longdongbao,China
SHJ,851,Sharjah Intl Airport,657,Sharjah,United Arab Emirates
AKL,38,Auckland Airport,57,Auckland,New Zealand
BIO,109,Bilbao Airport,99,Bilbao,Spain DP
JIB,448,Djibouti-Ambouli Intl Airport,3074,Djibouti,Djibouti
SEN,840,London Southend Airport,3463,London Southend Airport,Great Britain
BZE,1572,Philip S. W. Goldson Intl Airport,88,Belize City,Belize
NKC,5720,Nouakchott Intl Airport,3597,Nouakchott,Mauritania
IBR,1533,Ibaraki Airport,297,Ibaraki,Japan
CMB,202,Bandaranaike Intl Airport,65,Bandaranaike,Sri Lanka
MPL,625,Mediterranee Airport (Frejorgues Airport),468,Montpellier,France DP
ERZ,1178,Erzurum Airport,218,Erzurum,Turkey
SSH,886,Sharm el-Sheikh Intl Airport,658,Sharm El Sheikh,Egypt
BAH,76,Bahrain Intl Airport,2966,Manama,Bahrain
MPL,625,Mediterranee Airport (Frejorgues Airport),469,Montpellier,France
KYA,1181,Konya Airport,354,Konya Airport,Turkey
LGA,526,LaGuardia Airport,4417,New York La Guardia,United States
VCE,991,Venice Marco Polo Airport,753,Venice,Italy
CAI,164,Cairo Intl Airport,4447,Taba,Egypt
CGQ,181,Changchun Longjia Intl Airport,146,Changchun Longjia,China
WNZ,1295,Wenzhou Yongqiang Airport,771,Wenzhou Longwan,China
BZV,161,Maya-Maya Airport,3173,Maya,Congo
KOJ,1591,Kagoshima Airport,325,Kagoshima,Japan
OKJ,685,Okayama Airport,521,Okayama,Japan
POA,748,Salgado Filho Intl Airport,567,Porto Alegre,Brazil
BSL,146,EuroAirport Basel-Mulhouse-Freiburg,76,Basel,Switzerland
MSQ,635,Minsk Intl Airport (Minsk-2),458,Minsk,Belarus
TLS,936,Toulouse Blagnac Intl Airport,727,Toulouse,France DP
SVQ,898,San Pablo Airport,648,Sevilla,Spain
MJV,607,Murcia-San Javier Airport,3064,Murcia,Spain DP
SZG,909,Salzburg Airport,619,Salzburg,Austria
SZX,910,Shenzhen Bao'an Intl Airport,4387,Pengsheng,China
AER,26,Sochi Intl Airport,676,Sochi,Russia
ASF,1523,Narimanovo Airport,3033,Astrakhan,Russia
DNZ,1176,Denizli cardak Airport,3637,Denizli Cardak Airport,Turkey
OZZ,707,Ouarzazate Airport,535,Ouarzazate,Morocco
LHE,1593,Allama Iqbal Intl Airport,382,Lahore,Pakistan
LWO,564,Lviv Danylo Halytskyi Intl Airport,414,Lviv,Ukraine
AXT,1568,Akita Airport,21,Akita,Japan
AUH,69,Abu Dhabi Intl Airport,6,Abu Dhabi,United Arab Emirates
BGI,99,Grantley Adams Intl Airport,119,Bridgetown,Barbados
MJV,607,Murcia-San Javier Airport,2744,Murcia,Spain
EGO,1529,Belgorod Intl Airport,2866,Belgorod,Russia
KUT,4749,David the Builder Kutaisi Intl Airport,3662,Kutaisi,Georgia
REP,1093,Angkor Intl Airport,668,Siem Reap,Cambodia
JED,444,King Abdulaziz Intl Airport,2710,Jeddah,Saudi Arabia
ALC,40,Alicante-Elche Airport,29,Alicante,Spain DP
PER,721,Perth Airport,549,Perth,Australia
YQR,1031,Regina Intl Airport,2979,Regina,Canada
AAE,2,Rabah Bitat Airport,39,Annaba,Algeria
BRE,137,Bremen Airport,116,Bremen,Germany
YXE,1039,Saskatoon John G. Diefenbaker Intl Airport,2980,Saskatoon,Canada
ROS,6356,Rosario - Islas Malvinas Intl Airport,4165,Rosario,Argentina
DLA,254,Douala Intl Airport,3172,Douala,Cameroon
JNB,453,O. R. Tambo Intl Airport,319,Johannesburg,South Africa
MTY,641,General Mariano Escobedo Intl Airport,467,Monterrey,Mexico
MRS,629,Marseille Provence Airport,446,Marseille,France
DAC,1573,Shahjalal Intl Airport,791,Zia,Bangladesh
ALY,44,El Nouzha Airport,25,Alexandria,Egypt
VLC,1004,Valencia Airport,750,Valencia,Spain DP
VRN,1010,Verona Airport,754,Verona,Italy
OPO,691,Francisco Sa Carneiro Airport,565,Porto,Portugal
BKK,119,Suvarnabhumi Airport,68,Bangkok Airport,Thailand
MBA,575,Moi Intl Airport,463,Moi,Kenya
SAL,817,El Salvador Intl Airport,628,San Salvador Comalapa,El Salvador
CJB,191,Coimbatore Intl Airport,168,Coimbatore,India
REU,789,Reus Airport,597,Reus,Spain DP
DSA,245,Robin Hood Airport Doncaster Sheffield,197,Doncaster,Great Britain
ISB,1585,Benazir Bhutto Intl Airport,305,Islamabad,Pakistan
HIJ,1583,Hiroshima Airport,289,Hiroshima,Japan
TRD,954,"Trondheim Airport, Vaernes",738,Trondheim,Norway
CTU,226,Chengdu Shuangliu Intl Airport,4269,Chengdu Tianfu,China
AGP,31,Malaga Airport,428,Malaga,Spain
NTE,672,Nantes Atlantique Airport,488,Nantes,France
DLC,255,Dalian Zhoushuizi Intl Airport,187,Dalian Zhoushuizi,China
TNG,942,Ibn Batouta Intl Airport,703,Tangier,Morocco
MCX,1539,Uytash Airport,426,Makhachkala,Russia
GUA,1582,La Aurora Intl Airport,267,Guatemala City,Guatemala
KCH,467,Kuching Intl Airport,363,Kuching,Malaysia
EVE,294,"Harstad/Narvik Airport, Evenes",2823,Harstad,Norway
KVA,499,Kavala Intl Airport (Alexander the Great Airport),337,Kavala,Greece
LDE,515,Tarbes-Lourdes-Pyrenees Airport,706,Tarbes - Lourdes,France
KAN,463,Mallam Aminu Kano Intl Airport,2769,Kano,Nigeria
GOJ,1531,Nizhny Novgorod Intl Airport (Strigino Airport),507,Nizhniy Novgorod,Russia
OIT,1601,Oita Airport,520,Oita,Japan
CAN,166,Guangzhou Baiyun Intl Airport,266,Guangzhou Baiyun,China
KLV,481,Karlovy Vary Airport,333,Karlovy Vary,Czech Republic
CIT,2671,Shymkent Intl Airport,3887,Shymkent,Kazakhstan
LLA,543,Lulea Airport (Kallax Airport),410,Lulea,Sweden
LBV,510,Libreville Intl Airport,242,Gabon,Gabon
NGO,663,Chubu Centrair Intl Airport,162,Chubu,Japan
YNJ,1287,Yanji Chaoyangchuan Airport,779,Yanji Zhaoyangchuan,China
KGS,471,Kos Island Intl Airport,3894,Sihanoukville,Cambodia
HHN,386,Frankfurt-Hahn Airport,273,Hahn,Germany
SDR,837,Santander - Parayas Airport,3065,Santander,Spain DP
MAH,572,Mahon Airport,425,Mahon Airport,Spain DP
CRL,219,Brussels South Charleroi Airport,2952,Charleroi,Belgium
HLZ,3950,Hamilton Intl Airport,3450,Hamilton,New Zealand
ASM,60,Asmara Intl Airport,217,Asmara,Eritrea
SHE,850,Shenyang Taoxian Intl Airport,660,Shenyang Taoxian,China
NKG,665,Nanjing Lukou Intl Airport,485,Nanjing Lukou,China
MMX,619,Malmo-Sturup Airport,433,Malmo,Sweden
JKG,449,Jonkoping Airport,323,Jonkoping,Sweden
KKJ,1537,Kitakyushu Airport,349,Kitakyushu,Japan
KZN,501,Kazan Intl Airport,339,Kazan,Russia
SZX,910,Shenzhen Bao'an Intl Airport,661,Shenzhen Bao'an,China
AOE,1302,Anadolu Airport,4402,Eskisehir Airport,Turkey
LUX,563,Luxembourg Findel Airport,412,Luxembourg,Luxembourg
CJJ,1164,Cheongju Intl Airport,2945,Cheongju,South Korea
SLL,6532,Salalah Airport,3429,Salalah,Oman
SIP,855,Simferopol Intl Airport,670,Simferopol,Ukraine
LPB,1594,El Alto Intl Airport,376,La Paz El Alto,Bolivia
VIL,1102,Dakhla Airport,3100,Dakhla,Morocco
GOT,354,Goteborg Landvetter Airport,383,Gothenburg,Sweden
IXE,1112,Mangalore Airport,439,Mangalore,India
TAE,1171,Daegu Intl Airport,3056,Daegu,South Korea
ISU,4234,Sulaimaniyah Intl Airport,3479,Suleymania Airport,Iraq
SLC,867,Salt Lake City Intl Airport,4418,Salt Lake City,United States
LLW,544,Lilongwe Intl Airport (Kamuzu Intl),2774,Lilongwe,Malawi
FDH,309,Friedrichshafen Airport (Bodensee Airport),2702,Friedrichshafen,Germany
EAS,275,San Sebastian Airport,4426,San Sebastian,Spain
VTE,1616,Wattay Intl Airport,757,Vientiane,Laos
OER,680,ornskoldsvik Airport,525,Onskoldsvik,Sweden
PVR,772,Lic. Gustavo Diaz Ordaz Intl Airport,579,Puerto Vallarta,Mexico
GRU,361,Sao Paulo-Guarulhos Intl Airport,625,Sao Paulo - Guarulhos,Brazil
DAR,240,Julius Nyerere Intl Airport,190,Dar Es Salaam,Tanzania
BZG,1128,Bydgoszcz Ignacy Jan Paderewski Airport,2741,Bydgoszcz,Poland
MID,603,Manuel Crescencio Rejon Intl Airport,454,Merida,Mexico
ASW,62,Aswan Intl Airport,55,Aswan,Egypt
CCU,171,Netaji Subhas Chandra Bose Intl Airport,495,Netaji Subhash Chandra Bose International Airport,India
BLQ,122,Bologna Guglielmo Marconi Airport,106,Bologna,Italy
RYG,1136,"Moss Airport, Rygge / Rygge Air Station",2825,Rygge,Norway
HET,1218,Hohhot Baita Intl Airport,291,Hohhot Baita,China
SFT,846,Skelleftea Airport,673,Skelleftea,Sweden
LPA,550,Gran Canaria Airport,259,Gran Canaria,Canary Islands
WDH,1015,Windhoek Hosea Kutako Intl Airport,772,Windhoek,Namibia
NAP,655,Naples Airport,489,Naples,Italy
VCP,992,Viracopos-Campinas Intl Airport,759,Viracopos,Brazil
AGA,29,Agadir-Al Massira Airport,18,Agadir,Morocco
EZE,301,Ministro Pistarini Intl Airport,222,Buenos Aires - Ezeiza,Argentina
UME,982,Umea City Airport,746,Umea,Sweden
BJM,114,Bujumbura Intl Airport,3162,Bujumbura,Burundi
TIP,1611,Tripoli Intl Airport,737,Tripoli,Libya
KNO,4628,Kualanamu Intl Airport,3799,Kualanamu,Indonesia
XCR,1103,Vatry Intl Airport,3746,Paris Vatry ,France
BSB,145,Brasilia (Presidente J. Kubitschek) Intl Airport,113,Brasilia,Brazil
BCN,81,Barcelona-El Prat Airport,70,Barcelona,Spain
MDZ,588,Gov. Francisco Gabrielli Intl Airport (El Plumerillo),453,Mendoza,Argentina
BRQ,142,Brno-Turany Airport,3466,Brno,Czech Republic
PAP,710,Port-au-Prince Intl Airport,3014,Port-au-Prince (Haiti),Caribbean Other
CLO,199,Alfonso Bonilla Aragon Intl Airport,133,Cali,Colombia
NBO,658,Jomo Kenyatta Intl Airport,322,Jomo Kenyatta,Kenya
ZSE,1484,Pierrefonds Airport,555,Pierrefond,Reunion
NBC,1541,Begishevo Airport,2724,Naberezhnye Chelny,Russia
TBJ,918,Tabarka-Ain Draham Intl Airport,696,Tabarka,Tunisia
KLR,479,Kalmar Airport,328,Kalmar,Sweden
NUE,674,Nuremberg Airport,515,Nuernberg,Germany
OSL,699,"Oslo Airport, Gardermoen (succeeding Oslo Airport, Fornebu)",527,Oslo,Norway
CPT,217,Cape Town Intl Airport,137,Cape Town,South Africa
GDL,339,Guadalajara Intl Airport (Miguel Hidalgo y Costilla Intl),265,Guadalajara,Mexico
OUL,704,Oulu Airport,537,Oulu,Finland
MBJ,576,Sangster Intl Airport,465,Montego Bay,Jamaica
FCO,307,Leonardo da Vinci-Fiumicino Airport,610,Rome Fiumicino,Italy
OVD,706,Asturias Airport (Oviedo Airport),3062,Asturias,Spain DP
CGO,1202,Zhengzhou Xinzheng Intl Airport,790,Zhengzhou Xinzheng,China
UFA,1152,Ufa Airport,744,Ufa,Russia
KMQ,1590,Komatsu Airport (Kanazawa Airport),353,Komatsu,Japan
POM,1605,Jacksons Intl Airport (Port Moresby Airport),563,Moresby Port,Papua New Guinea
RHO,795,Rhodes Intl Airport,598,Rhodes,Greece
AOI,52,Ancona Falconara Airport,35,Ancona,Italy
FAO,303,Faro Airport,223,Faro Airport,Portugal
KRS,488,"Kristiansand Airport, Kjevik",360,Kristiansand,Norway
WRO,1017,Copernicus Airport Wroclaw,774,Wroclaw,Poland
NRN,97,Weeze Airport (formerly Niederrhein Airport),768,Weeze,Germany
MST,637,Maastricht Aachen Airport,415,Maastricht - Aachen,Netherlands
ALA,1561,Almaty Intl Airport,30,Almaty,Kazakhstan
TZX,1099,Trabzon Airport,732,Trabzon Airport,Turkey
HTY,1356,Hatay Airport,2681,Hatay Airport,Turkey
NCE,659,Cote d'Azur Intl Airport,501,Nice,France DP
YQB,1029,Quebec/Jean Lesage Intl Airport,2978,Quebec City,Canada
ZRH,1053,Zurich Airport,352,Zurich,Switzerland
SDQ,836,Las Americas Intl Airport,388,Santo Domingo Las Americas,Dominican Republic
FMO,320,Munster Osnabruck Intl Airport,477,Munster-Osnabruck,Germany
LCG,513,A Coruna Airport,3061,A Coruna,Spain DP
DNK,1212,Dnipropetrovsk Intl Airport,194,Dnipropetrovsk,Ukraine
GRO,359,Girona-Costa Brava Airport,250,Gerona,Spain DP
WAW,1014,Frederic Chopin Intl Airport,765,Warsaw,Poland
SSA,885,Deputado Luis Eduardo Magalhaes Intl Airport,618,Salvador,Brazil
PRN,754,Pristina Intl Airport Adem Jashari,574,PRISTINA,Kosovo
MDE,584,Jose Maria Cordova Intl Airport,449,Medellin Jose Maria Cordova,Colombia
AOK,54,Karpathos Island National Airport,335,Karpathos,Greece
REU,789,Reus Airport,596,Reus,Spain
BGF,98,Bangui M'Poko Intl Airport,3206,Bangui,Central Africa
HNA,3960,Hanamaki Airport,4406,Iwate,Japan
MRU,630,Sir Seewoosagur Ramgoolam Intl Airport,557,Port Louis,Mauritius
BOD,129,Bordeaux-Merignac Airport,108,Bordeaux,France
ORY,697,Orly Intl Airport,523,Paris Orly,France DP
LRM,555,La Romana Intl Airport (Casa de Campo Intl Airport),2675,La Romana,Dominican Republic
RTM,813,Rotterdam The Hague Airport,613,Rotterdam,Netherlands
DTM,267,Dortmund Airport,199,Dortmund,Germany
ADZ,24,Gustavo Rojas Pinilla Intl Airport,624,San Andres,Colombia
LBA,506,Leeds Bradford Airport,390,Leeds Bradford,Great Britain
SMI,874,"Samos Intl Airport ""Aristarchos of Samos""",621,Samos,Greece
FDF,308,Martinique Aime Cesaire Intl Airport,230,Fort-de-France,Martinique
TJM,6786,Roschino Airport,3447,Tyumen,Russia
ADD,21,Bole Intl Airport,11,Addis Ababa,Ethiopia
EWR,298,Newark Liberty Intl Airport,4414,Newark,United States
MLA,612,Malta Intl Airport (Luqa Airport),411,Luqa,Malta
SCQ,831,Santiago de Compostela Airport,637,Santiago De Compostela,Spain DP
ESU,1073,Essaouira-Mogador Airport,3095,Essaouira,Morocco
SXB,901,Strasbourg Entzheim Intl Airport,687,Strasbourg,France DP
CKG,194,Chongqing Jiangbei Intl Airport,160,Chongqing Jiangbei,China
CEB,1199,Mactan-Cebu Intl Airport,417,Mactan,Philippines
TRF,955,"Sandefjord Airport, Torp",630,Sandefjord-Torp,Norway
ROV,807,Rostov-on-Don Airport,612,Rostov Don,Russia
SKG,863,Makedonia Airport,715,Thessaloniki,Greece
KWL,1242,Guilin Liangjiang Intl Airport,270,Guilin Liangjiang,China
BON,134,Flamingo Intl Airport,3013,Kralendijk (Bonaire),Caribbean Other
DRW,265,Darwin Intl Airport,191,Darwin,Australia
CDG,172,Charles de Gaulle Airport (Roissy Airport),150,Paris Charles De Gaulle,France DP
STN,889,London Stansted Airport,402,London Stansted,Great Britain
WLG,1016,Wellington Intl Airport,770,Wellington,New Zealand
PMO,740,Palermo Airport (Falcone-Borsellino Airport),3503,Palermo,Italy
OMS,1544,Omsk Airport,2868,Omsk,Russia
TRZ,960,Tiruchirapalli Intl Airport,735,Trichy,India
DTW,268,Detroit Metropolitan Wayne County Airport,4420,Detroit,United States
FLN,315,Hercilio Luz Intl Airport,229,Florianopolis,Brazil
CAI,164,Cairo Intl Airport,4367,Asyut,Egypt
KIV,476,Chisinau Intl Airport,158,Chisinau,Moldova
NCE,659,Cote d'Azur Intl Airport,502,Nice,France
GOA,352,Genoa Cristoforo Colombo Airport,129,Genoa,Italy
MME,618,Durham Tees Valley Airport,709,Teesside,Great Britain
IBZ,413,Ibiza Airport,299,Ibiza,Spain DP
LCA,511,Larnaca Intl Airport,387,Larnaca,Cyprus
PIT,732,Pittsburgh Intl Airport,4422,Pittsburg,United States
WAW,1014,Frederic Chopin Intl Airport,4312,Radom,Poland
OUA,1602,Ouagadougou Airport,2679,Burkina Faso,Burkina Faso
TGU,927,Toncontin Intl Airport,710,Tegucigalpa,Honduras
LCJ,1132,Lodz Wladyslaw Reymont Airport,2730,Lodz,Poland
BRI,138,Bari Karol Wojtyla Airport,73,Bari,Italy
SIN,854,Singapore Changi Airport,147,Singapore - Changi,Singapore
CZL,235,Mohamed Boudiaf Intl Airport,3634,Constantine,Algeria
YOW,1028,Ottawa/Macdonald-Cartier Intl Airport,2977,Ottawa,Canada
AEP,25,Jorge Newbery Airpark,14,Buenos Aires Aeroparque,Argentina
GRO,359,Girona-Costa Brava Airport,249,Gerona,Spain
HRK,1222,Kharkiv Intl Airport (Osnova Airport),344,Kharkiv,Ukraine
QRO,6239,Queretaro Intl Airport,3472,Queretaro,Mexico
BLR,123,Kempegowda Intl Airport,66,Bangalore,India
BOM,133,Chhatrapati Shivaji Intl Airport,152,Chattrapati Shivaji,India
MEL,591,Melbourne Airport,451,Melbourne,Australia
LYS,567,Lyon-Saint-Exupery Airport,616,Lyon Saint Exupery,France DP
TKU,932,Turku Airport,743,Turku,Finland
LEI,520,Almeria Airport,32,Almeria,Spain DP
CCU,171,Netaji Subhas Chandra Bose Intl Airport,494,Netaji Subhash Chandra Bose Int. Airport,India
WMI,1506,Modlin Airport,3499,Warsaw-Modlin,Poland
CMF,203,Chambery-Savoie Airport,144,Chambery,France DP
FRA,326,Frankfurt Airport,232,Frankfurt,Germany
UIO,980,Mariscal Sucre Intl Airport,589,Quito,Ecuador
DJE,252,Djerba-Zarzis Intl Airport,313,Jerba,Tunisia
JJN,1229,Quanzhou Jinjiang Intl Airport,4343,Quanzhou,China
SCO,1549,Aktau Airport,2876,Aktau,Kazakhstan
HKD,1584,Hakodate Airport,275,Hakodate,Japan
NWI,675,Norwich Intl Airport,3614,Norwich,Great Britain
GYD,1126,Heydar Aliyev Intl Airport,62,Baku,Azerbaijan
LHR,532,Heathrow Airport,284,London Heathrow,Great Britain
KIX,477,Kansai Intl Airport,329,Osaka - Kansai,Japan
AYT,74,Antalya Airport,40,Antalya Airport,Turkey
NYO,1058,Stockholm-Skavsta Airport,3097,Nykoping,Sweden
NAJ,1410,Nakhichevan,2755,Nakhichevan,Azerbaijan
GZP,1504,GazipaSa-Alanya Airport,2776,Antalya Gazipasa Airport,Turkey
SVO,897,Sheremetyevo Intl Airport,472,Moscow - Sheremetyevo,Russia
OUD,703,Angads Airport,536,Oujda,Morocco
KRR,1151,Krasnodar Intl Airport (Pashkovsky Airport),359,Krasnodar,Russia
CTS,225,New Chitose Airport,159,Chitose,Japan
TOS,950,Tromso Airport,2826,Tromso,Norway
PAD,708,Paderborn/Lippstadt Airport,539,Paderborn,Germany
BOO,135,Bodo Airport,2822,Bodo,Norway
BSR,2372,Basra Intl Airport,3475,Basrah,Iraq
AKX,1789,Aktobe Airport,4024,Aktobe,Kazakhstan
LIL,535,Lille Airport (Lille-Lesquin Airport),396,Lille,France
HGH,384,Hangzhou Xiaoshan Intl Airport,2885,Hangzhou Xiaoshan,China
AMM,47,Queen Alia Intl Airport,33,Amman,Jordan
KWI,500,Kuwait Intl Airport,367,Kuwait,Kuwait
JTR,459,Santorini (Thira) National Airport,638,Santorini,Greece
VIE,1000,Vienna Intl Airport,755,Vienna,Austria
JJN,1229,Quanzhou Jinjiang Intl Airport,3580,Quanzhou Jinjiang,China
HUY,408,Humberside Airport,294,Humberside,Great Britain
PEK,719,Beijing Capital Intl Airport,4287,Beijing Capital,China
MAA,569,Chennai Intl Airport (Madras Intl Airport),38,Anna,India
PDP,715,C/C Carlos A. Curbelo de Laguna del Sauce Intl Airport,586,Punta del Este,Uruguay
ASR,624,Erkilet Intl Airport,338,Kayseri Airport,Turkey
VXO,1013,VAxjo Airport (Kronoberg Airport),3098,Vaxjo,Sweden
LCE,512,Goloson Intl Airport,371,La Ceiba Goloson,Honduras
WUX,1277,Sunan Shuofang Intl Airport,2889,Wuxi Shuofang,China
KLO,4589,Kalibo Intl Airport,4306,Kalibo,Philippines
MRS,629,Marseille Provence Airport,445,Marseille,France DP
KGS,471,Kos Island Intl Airport,355,Kos,Greece
CEK,1200,Chelyabinsk Airport,153,Chelyabinsk,Russia
PNQ,746,Pune Intl Airport,583,Pune,India
RKT,799,Ras Al Khaimah Intl Airport,594,Ras El Khaymah,United Arab Emirates
FPO,1579,Grand Bahama Intl Airport,234,Freeport,Bahamas
ILO,4159,Iloilo Intl Airport,4326,Iloilo,Philippines
UUD,1615,Ulan-Ude Airport,2754,Ulan-Ude,Russia
GPA,355,Araxos Airport,48,Araxos Peloponnese,Greece
KTM,491,Tribhuvan Intl Airport,734,Tribhuvan,Nepal
LYS,567,Lyon-Saint-Exupery Airport,617,Lyon Saint Exupery,France
MWX,1169,Muan,3012,Muan,South Korea
KEF,468,Keflavik Intl Airport,341,Keflavik,Iceland
MPM,626,Maputo Intl Airport,2767,Maputo,Mozambique
CZM,236,Cozumel Intl Airport,182,Cozumel,Mexico
TXL,974,Berlin Tegel Airport,97,Berlin Tegel,Germany
PNH,743,Phnom Penh Intl Airport,551,Phnom Penh,Cambodia
EIN,281,Eindhoven Airport,212,Eindhoven,Netherlands
RUN,815,Roland Garros Airport,607,Roland Garros,Reunion
ZIH,1048,Ixtapa-Zihuatanejo Intl Airport,309,Ixtapa Zihuatanejo,Mexico
BOD,129,Bordeaux-Merignac Airport,107,Bordeaux,France DP
VNO,1007,Vilnius Intl Airport,758,Vilnius,Lithuania
TUN,969,Tunis-Carthage Intl Airport,740,Tunis,Tunisia
FMM,1134,Memmingen Airport,3089,Memmingen,Germany
SKD,862,Samarkand,620,Samarkand,Uzbekistan
NGS,1599,Nagasaki Airport,481,Nagasaki,Japan
SCL,829,Comodoro Arturo Merino Benitez Intl Airport,633,Santiago Arturo Merino Benitez,Chile
MED,589,Prince Mohammad Bin Abdulaziz Airport,4309,Medina,Saudi Arabia
KVD,1387,Ganja Intl Airport,243,Ganja,Azerbaijan
BVA,155,Beauvais-Tille Airport,81,Beauvais,France
CUR,229,Curacao Intl Airport (Hato Intl Airport),183,Curacao,Curazao
FLR,317,"Florence Airport, Peretola (Amerigo Vespucci Airport)",228,Florence,Italy
OHD,682,Ohrid Airport,519,Ohrid,Macedonia
HER,382,Heraklion Intl Airport (Nikos Kazantzakis Airport),288,Heraklion Airport,Greece
CNF,208,Tancredo Neves Intl Airport (Confins Intl Airport),89,Belo Horizonte,Brazil
AAR,5,Aarhus Airport,3455,Aarhus,Denmark
TSA,1270,Taipei Songshan Airport,2943,Taipei Songshan,Taiwan
SEZ,1609,Seychelles Intl Airport,650,Victoria,Seychelles
MYJ,1598,Matsuyama Airport,447,Matsuyama,Japan
AGT,1190,Guarani Intl Airport,165,Ciudad del Este Guarani,Paraguay
GVA,369,Geneva Airport,169,Geneva,Switzerland
RMQ,1261,Taichung Ching Chuan Kang Airport,697,Taichung,Taiwan
PMI,739,Palma de Mallorca Airport (Son Sant Joan Airport),541,Palma De Mallorca,Spain DP
AHU,35,Cherif Al Idrissi Airport,3431,Al Hoceima,Morocco
GOI,353,Goa Intl Airport (Dabolim Airport),256,Goa,India
GMP,348,Gimpo Intl Airport,647,Seoul,South Korea
RGN,794,Yangon Intl Airport,778,Yangon,Myanmar
AUA,68,Queen Beatrix Intl Airport,52,Oranjestad,Aruba
CNS,209,Cairns Airport,130,Cairns,Australia
GDN,340,Gdansk Lech Walesa Airport,248,Gdansk,Poland
SKP,865,Skopje Airport,675,Skopje,Macedonia
AOJ,53,Aomori Airport,45,Aomori,Japan
BDA,82,L.F. Wade Intl Airport,3640,Hamilton,Bermuda
ALG,42,Houari Boumediene Airport,27,Algiers,Algeria
BOH,1061,Bournemouth Airport,112,Bournemouth,Great Britain
TRN,957,Turin Intl Airport,725,Torino,Italy
ASU,61,Silvio Pettirossi Intl Airport,54,Asuncion Silvio Petterossi,Paraguay
LEJ,521,Leipzig/Halle Airport,391,Leipzig,Germany
AES,27,"alesund Airport, Vigra",2821,Alesund,Norway
MXP,648,Malpensa Airport,434,Milan - Malpensa,Italy
NBE,1412,Enfidha-Hammamet Airport,214,Enfidha,Tunisia
DUS,272,Dusseldorf Airport,209,Duesseldorf,Germany
AGP,31,Malaga Airport,430,Malaga,Spain DP
HTA,404,Chita Intl Airport (Kadala Airport),3032,Chita,Russia
BMA,124,Stockholm Bromma Airport,124,Bromma,Sweden
LKO,542,Chaudhary Charan Singh Intl Airport,407,Lucknow,India
BEG,88,Belgrade Nikola Tesla Airport,87,Belgrade,Serbia
PLS,1547,Providenciales Intl Airport,576,Providenciales (Turks and Caicos),Caribbean Other
FJR,312,Fujairah Intl Airport,237,Fujairah,United Arab Emirates
MFM,596,Macau Intl Airport,416,Macau,Macau
VKO,1003,Vnukovo Intl Airport,474,Moscow - Vnukovo,Russia
ACE,16,Lanzarote Airport,386,Lanzarote,Canary Islands
GRZ,363,Graz Airport,261,Graz,Austria
SYX,1268,Sanya Phoenix Intl Airport,639,Sanya Fenghuang,China
FRU,1060,Manas Intl Airport,436,Manas,Kyrgyzstan
LYR,566,"Svalbard Airport, Longyear",2677,Svalbard,Norway
BHD,103,George Best Belfast City Airport,86,Belfast City,Great Britain
MUH,644,Mersa Matruh Airport,444,Marsa Aalam,Egypt
LUN,561,Kenneth Kaunda Intl Airport,2768,Lusaka,Zambia
NRT,671,Narita Intl Airport (formerly New Tokyo Intl),490,Tokyo - Narita,Japan
KHN,1237,Nanchang Changbei Intl Airport,3067,Nanchang Changbei,China
INC,1292,Yinchuan Hedong Intl Airport,2893,Zhufeng,China
ASB,1566,Ashgabat Intl Airport,53,Ashgabat,Turkmenistan
IAH,411,George Bush Intercontinental Airport,4413,Houston,United States
SXB,901,Strasbourg Entzheim Intl Airport,688,Strasbourg,France
LIM,536,Jorge Chavez Intl Airport,397,Lima,Peru
CAY,167,Cayenne - Felix Eboue Airport,15,Cayenne (REC),French Guyana
SZF,1186,Carsamba Airport,622,Samsun Airport,Turkey
KIN,475,Norman Manley Intl Airport,509,Kingston,Jamaica
DME,258,Domodedovo Intl Airport,470,Moscow - Domodedovo,Russia
ESB,290,Esenboga Intl Airport,37,Ankara Airport,Turkey
DXB,273,Dubai Intl Airport,201,Dubai,United Arab Emirates
ORK,695,Cork Airport,178,Cork,Ireland
LIR,1131,Daniel Oduber Quiros Intl Airport,3045,Liberia,Costa Rica
DRS,264,Dresden Airport,200,Dresden,Germany
FUK,333,Fukuoka Airport (Itazuke Air Base),238,Fukuoka,Japan
ADA,19,Adana SakirpaSa Airport,10,Adana Airport,Turkey
HAJ,373,Hannover Airport,280,Hannover,Germany
GIB,344,Gibraltar,254,Gibraltar,Gibraltar
MZT,652,General Rafael Buelna Intl Airport,448,Mazatlan,Mexico
XMN,1021,Xiamen Gaoqi Intl Airport,776,Xiamen Gaoqi,China
SGN,848,Tan Son Nhat Intl Airport,290,Ho Chi Minh,Vietnam
DBV,243,Dubrovnik Airport,203,Dubrovnik,Croatia
ANU,1563,V. C. Bird Intl Airport,43,Antigua,Caribbean Other
MAD,570,Madrid-Barajas Airport,420,Madrid Barajas,Spain
PUY,767,Pula Airport,580,Pula,Croatia
STR,890,Stuttgart Airport,689,Stuttgart,Germany
SCQ,831,Santiago de Compostela Airport,636,Santiago De Compostela,Spain
CWL,234,Cardiff Airport,139,Cardiff,Great Britain
HFE,1219,Hefei Luogang Intl Airport,2886,Hefei Xinqiao,China
SDL,835,Sundsvall-Harnosand Airport (Midlanda Airport),691,Sundsvall,Sweden
TEQ,1448,corlu Airport,179,Corlu Airport,Turkey
GNB,349,Grenoble-Isere Airport,262,Grenoble,France DP
LGG,528,Liege Airport,394,Liege Bierset,Belgium
KBP,465,Boryspil Intl Airport,368,Kyiv,Ukraine
KMG,1080,Kunming Changshui Intl Airport,365,Kunming Wujiaba,China
ATQ,65,Sri Guru Ram Dass Jee Intl Airport,34,Amritsar,India
YWG,1038,Winnipeg James Armstrong Richardson Intl Airport,2983,Winnipeg,Canada
ZQN,1052,Queenstown Airport,2930,Queenstown,New Zealand
LCG,513,A Coruna Airport,4405,USA- Airports,United States
LEI,520,Almeria Airport,31,Almeria,Spain
PEN,720,Penang Intl Airport,548,Penang,Malaysia
SZZ,911,"Szczecin-Goleniow ""Solidarnosc"" Airport",2747,Szczecin,Poland
ABZ,13,Aberdeen Airport,4,Aberdeen,Great Britain
ATH,63,Eleftherios Venizelos Airport,56,Athens,Greece
COO,212,Cadjehoun Airport,181,Cotonou,Benin
VAR,988,Varna Airport,751,Varna,Bulgaria
RDU,784,Raleigh-Durham Intl Airport,207,Durham,Great Britain
RMI,801,Federico Fellini Intl Airport,602,Rimini,Italy
LIS,538,Lisbon Portela Airport,400,Lisbon,Portugal
BVA,155,Beauvais-Tille Airport,80,Beauvais,France DP
STI,887,Cibao Intl Airport,634,Santiago Cibao,Dominican Republic
TGD,924,Podgorica Airport,560,Podgorica,Montenegro
DMM,259,King Fahd Intl Airport,4021,DAMMAM,Saudi Arabia
VVO,1153,Vladivostok Intl Airport (Knevichi Airport),761,Vladivostok,Russia
TFN,922,Tenerife North Airport (Los Rodeos Airport),714,Tenerife,Canary Islands
KHI,1586,Jinnah Intl Airport,331,Karachi,Pakistan
BUS,1317,Batumi (Alexander Kartveli) Intl Airport,77,Batumi,Georgia
MJT,606,Mytilene Intl Airport,460,Mitilini,Greece
PUS,766,Gimhae Intl Airport,347,Busan - Kimhae,South Korea
COK,211,Cochin Intl Airport (Nedumbassery Airport),167,Cochin,India
XIY,1020,Xi'an Xianyang Intl Airport,777,Xian Xianyang,China
KSC,1079,KoSice Intl Airport,3171,Kosice,Slovakia
LIL,535,Lille Airport (Lille-Lesquin Airport),395,Lille,France DP
OKA,683,Naha Airport,482,Naha,Japan
BHX,106,Birmingham Airport,101,Birmingham,Great Britain
CUN,228,Cancun Intl Airport,136,Cancun,Mexico
MAH,572,Mahon Airport,424,Mahon Airport,Spain
ZTH,1054,"Zakynthos Intl Airport, ""Dionysios Solomos""",787,Zakynthos,Greece
SOF,877,Sofia Airport,678,Sofia,Bulgaria
YYZ,1047,Toronto Pearson Intl Airport,2699,Toronto,Canada
DUR,271,King Shaka Intl Airport,206,Durban,South Africa
GLA,347,Glasgow Airport,255,Glasgow,Great Britain
LXR,565,Luxor Intl Airport,413,Luxor,Egypt
LOS,549,Murtala Muhammed Intl Airport,381,Lagos,Nigeria
INN,423,Innsbruck Airport (Kranebitten Airport),302,Innsbruck,Austria
KUL,496,Kuala Lumpur Intl Airport,361,Kuala Lumpur,Malaysia
LRH,554,La Rochelle - ile de Re Airport,377,La Rochelle,France DP
VLC,1004,Valencia Airport,749,Valencia,Spain
FOR,325,Pinto Martins - Fortaleza Intl Airport,231,Fortaleza,Brazil
MIR,604,Monastir Habib Bourguiba Intl Airport,464,Monastir,Tunisia
SJJ,858,Sarajevo Intl Airport,641,Sarajevo,Bosnia-Herzegovinia
MOL,622,"Molde Airport, aro",2827,Molde,Norway
ARH,1565,Talagi Airport,3031,Arkhangelsk,Russia
AKJ,1777,Asahikawa Airport,292,Hokkaido,Japan
PNR,1604,Pointe Noire Airport,561,Pointe-Noire,Congo
PVK,771,Aktion Airport,22,Aktio,Greece
PSA,755,Galileo Galilei Airport,556,Pisa,Italy
NCL,660,Newcastle Airport,499,Newcastle,Great Britain
XRY,1022,Jerez Airport (La Parra Airport),315,Jerez De La Frontera,Spain DP
ORD,693,O'Hare Intl Airport (formerly Orchard Depot Field),4412,Chicago,United States
ABV,11,Nnamdi Azikiwe Intl Airport,3164,Abuja,Nigeria
SVQ,898,San Pablo Airport,649,Sevilla,Spain DP
ACA,14,General Juan N. alvarez Intl Airport,8,Acapulco,Mexico
YNZ,1289,Yancheng Nanyang Airport,2891,Yancheng Nanyang,China
BJV,115,Milas-Bodrum Airport,102,Bodrum Airport,Turkey
BEL,89,Val de Cans Intl Airport,2939,Belem,Brazil
GZT,1130,Gaziantep Oguzeli Intl Airport,247,Gaziantep Airport,Turkey
KZR,1508,Zafer Airport,3498,Kutahya Airport,Turkey
CTG,224,Rafael Nunez Intl Airport,141,Cartagena de Indias,Colombia
CCJ,169,Calicut Intl Airport,332,Karipur,India
WEH,1275,Weihai Dashuibo Airport,769,Weihai Dashuibo,China
LTN,559,Luton Airport,404,London Luton,Great Britain
KHH,472,Kaohsiung Intl Airport,330,Kaohsiung,Taiwan
SGC,1550,Surgut Airport,2720,Surgut,Russia
LUG,560,Lugano Airport,409,Lugano,Switzerland
TAK,913,Takamatsu Airport,700,Takamatsu,Japan
ZAD,1043,Zadar Airport,784,Zadar,Croatia
CDG,172,Charles de Gaulle Airport (Roissy Airport),151,Paris Charles De Gaulle,France
SPC,879,La Palma Airport,375,La Palma,Canary Islands
REC,786,Guararapes Intl Airport,595,Recife,Brazil
SCN,830,Saarbrucken Airport,615,Saarbruecken,Germany
REN,1548,Orenburg Tsentralny Airport,2722,Orenburg,Russia
WIL,7121,Wilson Airport,4338,Nairobi,Kenya
MEX,594,Mexico City Intl Airport,455,Mexico City,Mexico
LRH,554,La Rochelle - ile de Re Airport,378,La Rochelle,France
IST,432,Istanbul Airport,308,Istanbul Europe Airport,Turkey
LGK,529,Langkawi Intl Airport,384,Langkawi,Malaysia
NAV,1184,Kapadokya Airport,496,Nevsehir Airport,Turkey
BUD,152,Budapest Ferenc Liszt Intl Airport,128,Budapest,Hungary
SJD,857,Los Cabos Intl Airport,405,Los Cabos,Mexico
IEV,417,Kyiv Intl Airport (Zhuliany),369,Kyiv - Zhulyany,Ukraine
VGO,998,Vigo-Peinador Airport,4378,Vigo,Spain
KSU,490,"Kristiansund Airport, Kvernberget",3060,Kristiansund,Norway
JUB,4371,Juba Intl Airport,3600,Juba,South Sudan
KAO,464,Kuusamo Airport,366,Kuusamo,Finland
BGO,100,"Bergen Airport, Flesland",93,Bergen,Norway
NTE,672,Nantes Atlantique Airport,487,Nantes,France DP
YNT,1288,Yantai Penglai Intl Airport,780,Yantai Penglai,China
MBA,575,Moi Intl Airport,4337,Mombasa,Kenya
DKR,253,Leopold Sedar Senghor Intl Airport,393,Leopold Sedar Senghar,Senegal
TRS,958,Friuli Venezia Giulia Airport,736,Trieste,Italy
AAL,3,Aalborg Airport,3,Aalborg,Denmark
OSR,700,Ostrava-Mosnov Intl Airport,2719,Ostrava,Czech Republic
YIW,1286,Yiwu Airport,4274,Yiwu,China
FBM,3399,Lubumbashi Intl Airport,3806,Lubumbashi,"Congo, Rep. Dem."
POS,750,Piarco Intl Airport,554,Piarco,Trinidad and Tobago
TLS,936,Toulouse Blagnac Intl Airport,729,Toulouse,France
PUJ,764,Punta Cana Intl Airport,584,Punta Cana - Higuey,Dominican Republic
PEK,719,Beijing Capital Intl Airport,82,Beijing,China
HND,393,Haneda Airport,279,Tokyo - Haneda,Japan
CHC,184,Christchurch Intl Airport,161,Christchurch,New Zealand
EMA,285,East Midlands Airport,210,East Midlands,Great Britain
JHB,447,Senai Intl Airport,321,Johor Bahru,Malaysia
AZS,568,Samana El Catey Intl Airport,380,Samana El Catey,Dominican Republic
ORN,696,Oran Es Senia Airport,522,Oran,Algeria
DOH,261,Hamad Intl Airport,195,Doha,Qatar
KLX,482,Kalamata Intl Airport,326,Kalamata,Greece
UUS,1554,Yuzhno-Sakhalinsk Airport,3039,Yuzhno-Sakhalinsk,Russia
STW,1552,Stavropol Shpakovskoye Airport,2865,Stavropol,Russia
CMF,203,Chambery-Savoie Airport,145,Chambery,France
PQC,6114,Phu Quoc Intl Airport,3893,Phu Quok,Vietnam
HEL,381,Helsinki Airport (Helsinki-Vantaa Airport),4042,Helsinki-Vantaa,Finland DP
TPE,952,Taiwan Taoyuan Intl Airport,698,Taipei - Taoyuan,Taiwan
KLU,480,Klagenfurt Airport,351,Klagenfurt,Austria
DAD,1527,Da Nang Intl Airport,189,Danang,Vietnam
SAH,1607,El Rahaba Airport (Sanaa Intl),629,Sanaa,Yemen
FKS,1577,Fukushima Airport,239,Fukushima,Japan
SFA,841,Thyna/El Maou Airport,651,Sfax,Tunisia
EVN,295,Zvartnots Intl Airport,782,Yerevan,Armenia
SYD,905,Sydney Airport,694,Sydney,Australia
SAH,1607,El Rahaba Airport (Sanaa Intl),781,Yemen,Yemen
RLG,800,Rostock Laage Airport,611,Rostock,Germany
BTS,149,M. R. Stefanik Airport,114,Bratislava,Slovakia
CAI,164,Cairo Intl Airport,4446,Souhag,Egypt
MCT,582,Muscat Intl Airport (formerly Seeb Airport),645,Muscat,Oman
HAN,375,Noi Bai Intl Airport,281,Hanoi,Vietnam
LFW,525,Lome-Tokoin Airport (Gnassingbe Eyadema Intl),2678,Togo,Togo
FNA,1578,Lungi Intl Airport,2676,Sierra Leone,Sierra Leone
GRX,362,Federico Garcia Lorca Airport (Granada Jaen Airport),2743,Granada,Spain
TZL,1460,Tuzla Intl Airport,3165,Tuzla,Bosnia-Herzegovinia
MUC,643,Munich Airport (succeeded Munich-Riem Airport),475,Munich,Germany
LED,519,Pulkovo Airport,682,St. Petersburg Pulkovo,Russia
BJL,113,Banjul Intl Airport,3441,Banjul,Gambia
HRG,400,Hurghada Intl Airport,295,Hurgada,Egypt
JAI,441,Jaipur Intl Airport,312,Jaipur,India
NGB,1254,Ningbo Lishe Intl Airport,505,Ningbo Lishe,China
KGL,470,Kigali Intl Airport (Kanombe Airport),2819,Kigali,Rwanda
JRO,457,Kilimanjaro Intl Airport,346,Kilimanjaro,Tanzania
GRX,362,Federico Garcia Lorca Airport (Granada Jaen Airport),3063,Granada,Spain DP
XUZ,1282,Xuzhou Airport,2890,Xuzhou Guanyin,China
KIJ,1587,Niigata Airport,504,Niigata,Japan
BOG,130,El Dorado Intl Airport,103,Bogota,Colombia
SJO,859,Juan Santamaria Intl Airport,180,San Jose,Costa Rica
GBE,337,Sir Seretse Khama Intl Airport,3646,Gaborone,Botswana
PTP,760,Guadeloupe Pole Caraïbes Airport,562,Pointe-a-Pitre,Guadalupe
TYN,975,Taiyuan Wusu Intl Airport,699,Taiyuan Wusu,China
FSZ,1530,Shizuoka Airport (Mt. Fuji Shizuoka Airport),667,Shizuoka,Japan
EBB,276,Entebbe Intl Airport,215,Entebbe,Uganda
GCI,338,Guernsey Airport,269,Guernsey,Great Britain
AMS,48,Amsterdam Airport Schiphol,643,Amsterdam - Schiphol,Netherlands
OOL,690,Gold Coast Airport,172,Coolangatta,Australia
URC,983,urumqi Diwopu Intl Airport,747,Urumchi Diwobao,China
TPA,951,Tampa Intl Airport,4421,Tampa,United States
ZAZ,1045,Zaragoza Airport,4425,Zaragoza,Spain
ZHA,1290,Zhanjiang Airport,789,Zhanjiang,China
SNN,876,Shannon Intl Airport,655,Shannon,Ireland
POP,749,Puerto Plata Airport,578,Puerto Plata,Dominican Republic
RAK,778,Menara Intl Airport,443,Marrakech,Morocco
MDL,1595,Mandalay Intl Airport,438,Mandalay,Myanmar
PHX,728,Phoenix Sky Harbor Intl Airport,4415,Phoenix,United States
MNL,620,Ninoy Aquino Intl Airport / Villamor Airbase,506,Manila - Ninoy Aquino,Philippines
OSD,698,are ostersund Airport,529,Ostersund,Sweden
EBL,1129,Erbil Intl Airport,303,Erbil International Airport,Iraq
NJF,5718,Al Najaf Intl Airport,3584,Najaf,Iraq
HAD,372,Halmstad Airport (Halmstad City Airport),276,Halmstad,Sweden
TRV,959,Trivandrum Intl Airport,716,Thiruvananthapuram,India
NNG,667,Nanning Wuxu Intl Airport,486,Nanning Wuxu,China
CIA,188,Ciampino-G. B. Pastine Intl Airport,163,Ciampino Airport,Italy
BLL,121,Billund Airport,100,Billund,Denmark
CMN,207,Mohammed V Intl Airport,142,Casablanca,Morocco
WEH,1275,Weihai Dashuibo Airport,4255,Shandong,China
BRU,144,Brussels (Zaventem) Airport,126,Brussels,Belgium
BKI,118,Kota Kinabalu Intl Airport,356,Kota Kinabalu,Malaysia
WUH,1018,Wuhan Tianhe Intl Airport,775,Wuhan Tianhe,China
NAT,656,Aeroporto Internacional Governador Aluizio Alves,2941,Natal,Brazil
VOG,1555,Gumrak Airport,2721,Volgograd,Russia
BNX,1195,Banja Luka Intl Airport,4390,Banja Luka,Bosnia-Herzegovinia
TOE,947,"Tozeur, Tunisia (Aeroport Intl Tozeur Nefta)",731,Tozeur,Tunisia
NIM,664,Diori Hamani Intl Airport,503,Niamey,Niger
ERF,287,Erfurt-Weimar Airport,216,Erfurt,Germany
YYJ,1042,Victoria Intl Airport,2982,Victoria,Canada
KNH,1381,Kinmen Airport (Shang Yi Airport),220,Everrich Downtown Kinmen,Taiwan
LPQ,5038,Luang Prabang Intl Airport,3102,Luang Prabang,Laos
CJU,193,Jeju Intl Airport,2779,Jeju,South Korea
SUB,893,Juanda Intl Airport,324,Juanda,Indonesia
BZV,161,Maya-Maya Airport,115,Brazzaville,Congo
EXT,299,Exeter Intl Airport,221,Exeter,Great Britain
BGW,1570,Baghdad Intl Airport,60,Baghdad,Iraq
KSD,489,Karlstad Airport,334,Karlstad,Sweden
